

CREATE TABLE VOLUNTARIO(
	V_CPF CHAR(14) NOT NULL,
	V_NOME VARCHAR2(50) NOT NULL,
	V_EMAIL VARCHAR2(50) NOT NULL,
	V_TIPO_VOLUNTARIO CHAR(3) NOT NULL,
	V_CIDADE_ENDERECO VARCHAR2(10) NOT NULL,
	V_RUA_ENDERECO VARCHAR2(50),
	V_BAIRRO_ENDERECO VARCHAR2(50),
	V_NUMERO_ENDERECO CHAR(8),
	V_CEP_ENDERECO CHAR(9),
	
	CONSTRAINT PK_VOLUNTARIO PRIMARY KEY(V_CPF),
	
	CONSTRAINT CK_CPF_VOLUNTARIO 
		CHECK (REGEXP_LIKE(V_CPF, '((\d{3}).(\d{3}).(\d{3})-(\d{2}))')),
    
	CONSTRAINT CK_NOME_APENAS_LETRAS
    	CHECK (REGEXP_LIKE(V_NOME, '[ a-zA-Z áéíóúâêîôûã]')),
    
    CONSTRAINT CK_CIDADE
    	CHECK (UPPER(V_CIDADE_ENDERECO) = 'SAO CARLOS'),        
    
    CONSTRAINT CK_EMAIL
    	CHECK (REGEXP_LIKE(V_EMAIL, '[A-Za-z]+[A-Za-z0-9.]+@[A-Za-z0-9.-]+\.[A-Za-z]{2,4}$')),
    
    CONSTRAINT CK_CEP
    	CHECK (REGEXP_LIKE(V_CEP_ENDERECO, '(^\d{5})\-(\d{3}$)')),
    	
    CONSTRAINT CK_TIPO_DE_VOLUNTARIO 
    	CHECK (UPPER(V_TIPO_VOLUNTARIO) IN ('MOT', 'DIV', 'INF', 'ORG', 'COO'))
);

CREATE TABLE MOTORISTA (
	M_CPF CHAR(14) NOT NULL,

	CONSTRAINT PK_MOTORISTA PRIMARY KEY(M_CPF),
	
	CONSTRAINT FK_MOTORISTA_VOLUNTARIO 
    	FOREIGN KEY(M_CPF)
    	REFERENCES VOLUNTARIO(V_CPF)
    	ON DELETE CASCADE
);


CREATE TABLE INFRAESTRUTURA (
	I_CPF CHAR(14) NOT NULL,

	CONSTRAINT PK_INFRAESTRUTURA PRIMARY KEY(I_CPF),
	
	CONSTRAINT FK_INFRAESTRUTURA_VOLUNTARIO 
    	FOREIGN KEY(I_CPF)
    	REFERENCES VOLUNTARIO(V_CPF)
    	ON DELETE CASCADE
);


CREATE TABLE ORGANIZACAO (
	O_CPF CHAR(14) NOT NULL,

	CONSTRAINT PK_ORGANIZACAO PRIMARY KEY(O_CPF),
	
	CONSTRAINT FK_ORGANIZACAO_VOLUNTARIO 
    	FOREIGN KEY(O_CPF)
    	REFERENCES VOLUNTARIO(V_CPF)
    	ON DELETE CASCADE
);


CREATE TABLE COORDENACAO (
	C_CPF CHAR(14) NOT NULL,

	CONSTRAINT PK_COORDENACAO PRIMARY KEY(C_CPF),
	
	CONSTRAINT FK_COORDENACAO_VOLUNTARIO 
    	FOREIGN KEY(C_CPF)
    	REFERENCES VOLUNTARIO(V_CPF)
    	ON DELETE CASCADE
);


CREATE TABLE DIVULGACAO (
	D_CPF CHAR(14) NOT NULL,

	CONSTRAINT PK_DIVULGACAO PRIMARY KEY(D_CPF),
	
	CONSTRAINT FK_DIVULGACAO_VOLUNTARIO 
    	FOREIGN KEY(D_CPF)
    	REFERENCES VOLUNTARIO(V_CPF)
    	ON DELETE CASCADE
);


CREATE TRIGGER INSERIR_VOLUNTARIO_DADO_TIPO
	AFTER INSERT ON VOLUNTARIO
	FOR EACH ROW 
DECLARE
BEGIN
	IF :NEW.V_TIPO_VOLUNTARIO = 'INF' THEN INSERT INTO INFRAESTRUTURA  ( I_CPF ) VALUES (:NEW.V_CPF); END IF;
	IF :NEW.V_TIPO_VOLUNTARIO = 'COO' THEN INSERT INTO COORDENACAO     ( C_CPF ) VALUES (:NEW.V_CPF); END IF;
	IF :NEW.V_TIPO_VOLUNTARIO = 'MOT' THEN INSERT INTO MOTORISTA	   ( M_CPF ) VALUES (:NEW.V_CPF); END IF;
	IF :NEW.V_TIPO_VOLUNTARIO = 'DIV' THEN INSERT INTO DIVULGACAO 	   ( D_CPF ) VALUES (:NEW.V_CPF); END IF;
	IF :NEW.V_TIPO_VOLUNTARIO = 'ORG' THEN INSERT INTO ORGANIZACAO     ( O_CPF ) VALUES (:NEW.V_CPF); END IF;
END;

CREATE TRIGGER DELETAR_VOLUNTARIO_DADO_TIPO
	AFTER DELETE ON VOLUNTARIO
	FOR EACH ROW 
DECLARE
BEGIN
	IF :NEW.V_TIPO_VOLUNTARIO = 'INF' THEN DELETE FROM INFRAESTRUTURA  WHERE I_CPF = :NEW.V_CPF; END IF;
	IF :NEW.V_TIPO_VOLUNTARIO = 'COO' THEN DELETE FROM COORDENACAO     WHERE C_CPF = :NEW.V_CPF; END IF;
	IF :NEW.V_TIPO_VOLUNTARIO = 'MOT' THEN DELETE FROM MOTORISTA	   WHERE M_CPF = :NEW.V_CPF; END IF;
	IF :NEW.V_TIPO_VOLUNTARIO = 'DIV' THEN DELETE FROM DIVULGACAO 	   WHERE D_CPF = :NEW.V_CPF; END IF;
	IF :NEW.V_TIPO_VOLUNTARIO = 'ORG' THEN DELETE FROM ORGANIZACAO     WHERE :NEW.V_CPF = O_CPF; END IF;
END;



CREATE TABLE VEICULO (
    V_PLACA CHAR(8) NOT NULL,
    V_CPF_MOTORISTA CHAR(14) NOT NULL,
    V_QTDE_MAX_CAIXAS NUMBER(3) NOT NULL,
    
    CONSTRAINT PK_VEICULO PRIMARY KEY(V_PLACA),
    
    CONSTRAINT CK_PLACA
    	CHECK (REGEXP_LIKE(UPPER(V_PLACA), '[A-Z]{3}-[0-9][0-9A-Z][0-9]{2}')),
    
    CONSTRAINT FK_VEICULO_MOTORISTA 
    	FOREIGN KEY(V_CPF_MOTORISTA)
    	REFERENCES MOTORISTA(M_CPF)
    	ON DELETE CASCADE
);

--PERFIL DE REDE SOCIAL
CREATE TABLE PERFIL_REDE_SOCIAL (
	PRS_NOME_USUARIO VARCHAR2(40) NOT NULL,
	PRS_REDE_SOCIAL VARCHAR2(20) NOT NULL,

	CONSTRAINT PK_PERFIL_REDE_SOCIAL PRIMARY KEY(PRS_NOME_USUARIO, PRS_REDE_SOCIAL)
);

--REDE SOCIAL DIVULGADOR
CREATE TABLE REDE_SOCIAL_DIVULGADOR (
	RSD_CPF_DIVULGADOR CHAR(14) NOT NULL,
	RSD_NOME_USUARIO_REDE_SOCIAL VARCHAR2(40) NOT NULL,
	RSD_NOME_REDE_SOCIAL_REDE_SOCIAL VARCHAR2(20) NOT NULL,
	RSD_HORAS_VOLUNTARIADO NUMBER(4) DEFAULT 0,

	CONSTRAINT PK_REDE_SOCIAL_DIVULGADOR 
		PRIMARY KEY(RSD_CPF_DIVULGADOR, RSD_NOME_USUARIO_REDE_SOCIAL, RSD_NOME_REDE_SOCIAL_REDE_SOCIAL),
	
	CONSTRAINT FK_PERFIL_REDE_SOCIAL_REDE_SOCIAL_DIVULGADOR 
    	FOREIGN KEY(RSD_NOME_USUARIO_REDE_SOCIAL, RSD_NOME_REDE_SOCIAL_REDE_SOCIAL)
    	REFERENCES PERFIL_REDE_SOCIAL(PRS_NOME_USUARIO, PRS_REDE_SOCIAL)
    	ON DELETE CASCADE,						
    	
	CONSTRAINT FK_DIVULGADOR_REDE_SOCIAL_DIVULGADOR 
    	FOREIGN KEY(RSD_CPF_DIVULGADOR)
    	REFERENCES DIVULGACAO(D_CPF)
    	ON DELETE CASCADE,	
    	
    CONSTRAINT CK_REDE_SOCIAL_DIVULGADOR_HORAS_POSITIVO
    	CHECK (RSD_HORAS_VOLUNTARIADO >= 0)
);

--CONTEUDO DIVULGADO
CREATE TABLE CONTEUDO_DIVULGADO (
	CD_TITULO VARCHAR2(60) NOT NULL,
	CD_ANO_CRIACAO NUMBER(4) NOT NULL,
	CD_TEXTO_DIVULGACAO VARCHAR2(1024) NOT NULL,
	CD_PUBLICO_ALVO VARCHAR2(10) DEFAULT 'GERAL',

	CONSTRAINT PK_CONTEUDO_DIVULGADO PRIMARY KEY(CD_TITULO, CD_ANO_CRIACAO),
	CONSTRAINT CK_PUBLICO_ALVO 
    	CHECK (UPPER(CD_PUBLICO_ALVO) IN ('INFANTIL', 'JOVEM', 'ADULTO', 'IDOSO', 'GERAL')),
    CONSTRAINT CK_CD_ANO_VALIDO
    	CHECK (CD_ANO_CRIACAO BETWEEN 2000 and 2300)
);

 
--PUBLICACAO
CREATE TABLE PUBLICACAO (
	P_ID NUMBER(10) GENERATED ALWAYS AS IDENTITY (START WITH 1 INCREMENT BY 1) NOT NULL,
	P_NOME_USUARIO_REDE_SOCIAL VARCHAR2(40) NOT NULL,
	P_NOME_REDE_SOCIAL_REDE_SOCIAL VARCHAR2(20) NOT NULL,
	P_TITULO_CONTEUDO_DIVULGADO VARCHAR2(60) NOT NULL,
	P_ANO_CONTEUDO_DIVULGADO NUMBER(4) NOT NULL,
	P_DATA_HORA TIMESTAMP DEFAULT SYSDATE,
	P_ALCANCE NUMBER(10) DEFAULT 0,
	P_TOTAL_CLIQUES NUMBER(10) DEFAULT 0,
	P_IMPRESSOES NUMBER(10) DEFAULT 0,


	CONSTRAINT PK_PUBLICACAO PRIMARY KEY(P_ID),
	
	CONSTRAINT FK_REDE_SOCIAL_PUBLICACAO
    	FOREIGN KEY(P_NOME_USUARIO_REDE_SOCIAL, P_NOME_REDE_SOCIAL_REDE_SOCIAL)
    	REFERENCES PERFIL_REDE_SOCIAL(PRS_NOME_USUARIO, PRS_REDE_SOCIAL)
    	ON DELETE CASCADE,	
    	
 	CONSTRAINT FK_CONTEUDO_DIVULGADO_PUBLICACAO
    	FOREIGN KEY(P_TITULO_CONTEUDO_DIVULGADO, P_ANO_CONTEUDO_DIVULGADO)
    	REFERENCES CONTEUDO_DIVULGADO(CD_TITULO, CD_ANO_CRIACAO)
    	ON DELETE CASCADE,					-- OK?
	
	CONSTRAINT SK_PUBLICACAO 
		UNIQUE(P_NOME_USUARIO_REDE_SOCIAL, P_NOME_REDE_SOCIAL_REDE_SOCIAL, P_TITULO_CONTEUDO_DIVULGADO, P_ANO_CONTEUDO_DIVULGADO, P_DATA_HORA),
		
    CONSTRAINT CK_TOTAL_CLIQUES_POSITIVO
    	CHECK (P_TOTAL_CLIQUES >= 0)
		
);

CREATE TABLE EVENTO_ARRECADACAO(
	EA_NOME VARCHAR2(50) NOT NULL,
	EA_DATA DATE NOT NULL,
	EA_CIDADE_ENDERECO VARCHAR2(10) NOT NULL,
	EA_RUA_ENDERECO VARCHAR2(50),
	EA_NUMERO_ENDERECO VARCHAR2(8),
	EA_CEP_ENDERECO CHAR(9),
	EA_BAIRRO_ENDERECO VARCHAR2(50),
	
	CONSTRAINT PK_EVENTO_ARRECADACAO PRIMARY KEY(EA_NOME, EA_DATA),
	
	CONSTRAINT CK_CEP_EVENTO_ARRECADACAO
    	CHECK (REGEXP_LIKE(EA_CEP_ENDERECO, '(^\d{5})\-(\d{3}$)')),
    	
    CONSTRAINT CK_EA_CIDADE_ENDERECO
    	CHECK (UPPER(EA_CIDADE_ENDERECO) = 'SAO CARLOS')
);

-- EVENTO_DIVULGADOR_PUBLICACAO
CREATE TABLE EVENTO_DIVULGADOR_PUBLICACAO(
	EDP_CPF_DIVULGADOR CHAR(14) NOT NULL,
	EDP_ID_PUBLICACAO NUMBER(10) NOT NULL,
	EDP_NOME_EVENTO_ARRECADACAO VARCHAR2(50) NOT NULL,
	EDP_DATA_EVENTO_ARRECADACAO DATE NOT NULL,
	
	CONSTRAINT PK_EVENTO_DIVULGADOR_PUBLICACAO PRIMARY KEY(EDP_CPF_DIVULGADOR, EDP_ID_PUBLICACAO, EDP_NOME_EVENTO_ARRECADACAO, EDP_DATA_EVENTO_ARRECADACAO),	

	CONSTRAINT FK_EVENTO_PUBLICACAO_DIVULGACAO 
		FOREIGN KEY(EDP_CPF_DIVULGADOR)
		REFERENCES DIVULGACAO(D_CPF)
		ON DELETE CASCADE, 
		
	CONSTRAINT FK_EVENTO_DIVULGADOR_PUBLICACAO_PUBLICACAO
		FOREIGN KEY(EDP_ID_PUBLICACAO)
		REFERENCES PUBLICACAO(P_ID)
		ON DELETE CASCADE, 
		
	CONSTRAINT FK_EVENTO_DIVULGADOR_EVENTO_ARRECADACAO
		FOREIGN KEY(EDP_NOME_EVENTO_ARRECADACAO, EDP_DATA_EVENTO_ARRECADACAO)
		REFERENCES EVENTO_ARRECADACAO(EA_NOME, EA_DATA)
		ON DELETE CASCADE 
);

CREATE TABLE EVENTO_ORGANIZADOR(
	EO_CPF_ORGANIZADOR CHAR(14) NOT NULL,
	EO_EVENTO_ARREACADACAO_NOME VARCHAR2(50) NOT NULL,
	EO_DATA_EVENTO_ARRECADACAO DATE NOT NULL,
	EO_HORAS_VOLUNTARIADO NUMBER(4),
	
	CONSTRAINT PK_EVENTO_ORGANIZADOR PRIMARY KEY(EO_CPF_ORGANIZADOR, EO_EVENTO_ARREACADACAO_NOME, EO_DATA_EVENTO_ARRECADACAO),
	
	CONSTRAINT FK_EVENTO_ORGANIZADOR_ORGANIZACAO
		FOREIGN KEY(EO_CPF_ORGANIZADOR)
		REFERENCES ORGANIZACAO(O_CPF)
		ON DELETE CASCADE,
	
	CONSTRAINT FK_EVENTO_ORGANIZADOR_EVENTO_ARREACADACAO
		FOREIGN KEY(EO_EVENTO_ARREACADACAO_NOME, EO_DATA_EVENTO_ARRECADACAO)
		REFERENCES EVENTO_ARRECADACAO(EA_NOME, EA_DATA)
		ON DELETE CASCADE,
		
    CONSTRAINT CK_HORAS_VOLUNTARIADO_EVENTO_VOLUNTARIADO_POSITIVO
    	CHECK (EO_HORAS_VOLUNTARIADO >= 0)
);


CREATE TABLE EVENTO_INFRA(
	EI_CPF_INFRAESTRUTURA CHAR(14) NOT NULL,
	EI_NOME_EVENTO_ARREACADACAO VARCHAR2(50) NOT NULL,
	EI_DATA_EVENTO_ARRECADACAO DATE NOT NULL,
	EI_HORAS_VOLUNTARIADO NUMBER(4),
	
	CONSTRAINT PK_EVENTO_INFRA PRIMARY KEY(EI_CPF_INFRAESTRUTURA, EI_NOME_EVENTO_ARREACADACAO, EI_DATA_EVENTO_ARRECADACAO),
	
	CONSTRAINT FK_EVENTO_INFRA_INFRAESTRUTURA
		FOREIGN KEY(EI_CPF_INFRAESTRUTURA)
		REFERENCES INFRAESTRUTURA(I_CPF)
		ON DELETE CASCADE,
	
	CONSTRAINT FK_EVENTO_INFRA_EVENTO_ARREACADACAO
		FOREIGN KEY(EI_NOME_EVENTO_ARREACADACAO, EI_DATA_EVENTO_ARRECADACAO)
		REFERENCES EVENTO_ARRECADACAO(EA_NOME, EA_DATA)
		ON DELETE CASCADE,
		
	
    CONSTRAINT CK_HORAS_VOLUNTARIADO_EVENTO_INFRA_POSITIVO
    	CHECK (EI_HORAS_VOLUNTARIADO >= 0)
);

CREATE TABLE CENTRO_OPERACIONAL(
	CO_ID NUMBER(10) GENERATED ALWAYS AS IDENTITY (START WITH 1 INCREMENT BY 1) NOT NULL,
	CO_RUA VARCHAR2(50) NOT NULL,
	CO_BAIRRO VARCHAR2(50) NOT NULL,
	CO_NUMERO CHAR(8) NOT NULL,
	CO_CEP CHAR(9),
	CO_CIDADE VARCHAR2(10) NOT NULL,
	CO_CAPACIDADE NUMBER(5),
	CO_LOTACAO_ATUAL NUMBER(5),
	CO_LOTACAO_DISPONIVEL NUMBER(5),
	CO_IS_ARRECADACAO CHAR(1) NOT NULL,
	CO_IS_TRIAGEM CHAR(1) NOT NULL,
	
	CONSTRAINT PK_CENTRO_OPERACIONAL PRIMARY KEY (CO_ID),
	
	CONSTRAINT SK_CENTRO_OPERACIONAL 
		UNIQUE(CO_RUA, CO_BAIRRO, CO_NUMERO),
		
    CONSTRAINT CK_CEP_CENTRO_OPERACIONAL
    	CHECK (REGEXP_LIKE(CO_CEP, '(^\d{5})\-(\d{3}$)')),
    	
    CONSTRAINT CK_CIDADE_CENTRO_OPERACIONAL
    	CHECK (UPPER(CO_CIDADE) = 'SAO CARLOS'), 
    	
    CONSTRAINT CK_CO_IS_ARRECADACAO_IS_BOOL
    	CHECK (UPPER(CO_IS_ARRECADACAO) IN ('S','N')),
    	
    CONSTRAINT CK_CO_IS_TRIAGEM_IS_BOOL
    	CHECK (UPPER(CO_IS_TRIAGEM) IN ('S','N')),
    	
    CONSTRAINT CK_PARTICIPACAO_TOTAL_CENTRO_OPERACIONAL
    	CHECK(UPPER(CO_IS_TRIAGEM) = 'S' OR UPPER(CO_IS_ARRECADACAO) = 'S')
);

CREATE TABLE DOACAO (
	D_ID_DOACAO NUMBER(10) GENERATED ALWAYS AS IDENTITY (START WITH 1 INCREMENT BY 1) NOT NULL,
	D_NOME_EVENTO_ARRECADACAO VARCHAR2(50) NOT NULL,
	D_DATA_EVENTO_ARRECADACAO DATE NOT NULL,
	D_DATA_HORA TIMESTAMP DEFAULT SYSDATE,
	D_ID_CENTRO_TRIAGEM NUMBER(10) NOT NULL,
	D_ID_CENTRO_ARRECADACAO NUMBER(10) NOT NULL,
	D_QUANTIDADE_ROUPAS NUMBER(5), 
	D_PLACA_VEICULO CHAR(8),

	CONSTRAINT PK_DOACAO PRIMARY KEY (D_ID_DOACAO),
	
	CONSTRAINT SK_DOACAO
		UNIQUE (D_NOME_EVENTO_ARRECADACAO, D_DATA_EVENTO_ARRECADACAO, D_DATA_HORA),

	CONSTRAINT FK_EVENTO_ARRECADACAO_DOACAO
    	FOREIGN KEY(D_NOME_EVENTO_ARRECADACAO, D_DATA_EVENTO_ARRECADACAO)
    	REFERENCES EVENTO_ARRECADACAO(EA_NOME, EA_DATA)
    	ON DELETE CASCADE,
	
	CONSTRAINT FK_CENTRO_TRIAGEM_DOACAO
    	FOREIGN KEY(D_ID_CENTRO_TRIAGEM)
    	REFERENCES CENTRO_OPERACIONAL(CO_ID)
    	ON DELETE CASCADE,
	
	CONSTRAINT FK_CENTRO_ARRECADACAO_DOACAO
    	FOREIGN KEY(D_ID_CENTRO_ARRECADACAO)
    	REFERENCES CENTRO_OPERACIONAL(CO_ID)
    	ON DELETE CASCADE,
    	
	CONSTRAINT FK_VEICULO_DOACAO
    	FOREIGN KEY(D_PLACA_VEICULO)
    	REFERENCES VEICULO(V_PLACA)
    	ON DELETE SET NULL, 	
    	
    CONSTRAINT CK_QUANTIDADE_ROUPAS_POSITIVA
    	CHECK (D_QUANTIDADE_ROUPAS >= 0),

     CONSTRAINT CK_PLACA_VEICULO
    	CHECK (REGEXP_LIKE(UPPER(D_PLACA_VEICULO), '[A-Z]{3}-[0-9][0-9A-Z][0-9]{2}'))
);

CREATE TABLE INSTITUICAO_BENEFICIADA(
	IB_CNPJ CHAR(18) NOT NULL,
	IB_NOME VARCHAR2(50),
	IB_TIPO VARCHAR2(15),
	IB_BAIRRO_ENDERECO VARCHAR2(50),
	IB_NUMERO_ENDERECO CHAR(8),
	IB_CEP_ENDERECO CHAR(9),
	IB_CIDADE_ENDERECO VARCHAR2(10) NOT NULL,
	IB_ORGANIZACAO_CPF CHAR(14),
	
	CONSTRAINT PK_INSTITUICAO_BENEFICIADA PRIMARY KEY (IB_CNPJ),
	
	CONSTRAINT FK_ORGANIZACAO_INSTITUICAO_BENEFICIADA
    	FOREIGN KEY(IB_ORGANIZACAO_CPF)
    	REFERENCES ORGANIZACAO(O_CPF)
    	ON DELETE SET NULL,
    
     CONSTRAINT CK_IB_CNPJ
    	CHECK (REGEXP_LIKE(UPPER(IB_CNPJ), '^(\d{2}.\d{3}.\d{3}\/\d{4}\-\d{2})$')),
	
     CONSTRAINT CK_IB_CIDADE_ENDERECO
    	CHECK (UPPER(IB_CIDADE_ENDERECO) = 'SAO CARLOS'),

	CONSTRAINT CK_IB_CEP_ENDERECO
		CHECK (REGEXP_LIKE(IB_CEP_ENDERECO, '(^\d{5})\-(\d{3}$)'))
);

CREATE TABLE ENTREGA(
	E_ID NUMBER(10) GENERATED ALWAYS AS IDENTITY (START WITH 1 INCREMENT BY 1) NOT NULL,
	E_CPF_COORDENADOR CHAR(14) NOT NULL,
	E_CNPJ_INSTITUICAO_BENEFICIADA CHAR(18) NOT NULL,
	E_DATA_HORA TIMESTAMP DEFAULT SYSDATE,
	E_PLACA_VEICULO CHAR(8),
	
	CONSTRAINT PK_ENTREGA PRIMARY KEY (E_ID),
	
	CONSTRAINT SK_ENTREGA
		UNIQUE (E_CPF_COORDENADOR, E_CNPJ_INSTITUICAO_BENEFICIADA, E_DATA_HORA),
	
	CONSTRAINT FK_COORDENACAO_ENTREGA
    	FOREIGN KEY(E_CPF_COORDENADOR)
    	REFERENCES COORDENACAO(C_CPF)
    	ON DELETE CASCADE, 	
    	
	CONSTRAINT FK_INSTITUICAO_BENEFICIADA_ENTREGA
    	FOREIGN KEY(E_CNPJ_INSTITUICAO_BENEFICIADA)
    	REFERENCES INSTITUICAO_BENEFICIADA(IB_CNPJ)
    	ON DELETE CASCADE, 	

    CONSTRAINT FK_VEICULO_ENTREGA
    	FOREIGN KEY(E_PLACA_VEICULO)
    	REFERENCES VEICULO(V_PLACA)
    	ON DELETE SET NULL
);


CREATE TABLE PACOTE_TRIADO(
	PT_ID_CENTRO_TRIAGEM NUMBER(10) NOT NULL,
	PT_DATA_HORA TIMESTAMP DEFAULT SYSDATE,
	PT_ID_ENTREGA NUMBER(10),
	PT_GENERO CHAR(1),
	PT_FAIXA_ETARIA VARCHAR2(7),
	PT_QUANTIDADE NUMBER(5),
	PT_TIPO VARCHAR2(30),
	
	CONSTRAINT PK_PACOTE_TRIADO PRIMARY KEY (PT_ID_CENTRO_TRIAGEM, PT_DATA_HORA),
	
	CONSTRAINT FK_CENTRO_TRIAGEM_PACOTE_TRIADO
    	FOREIGN KEY(PT_ID_CENTRO_TRIAGEM)
    	REFERENCES CENTRO_OPERACIONAL(CO_ID)
    	ON DELETE CASCADE, 	
    	
	CONSTRAINT FK_ENTREGA_PACOTE_TRIADO
    	FOREIGN KEY(PT_ID_ENTREGA)
    	REFERENCES ENTREGA(E_ID)
    	ON DELETE SET NULL,
    	
    	
	CONSTRAINT CK_GENERO_PACOTE_TRIADO
    	CHECK(PT_GENERO IN ('M','F','U')),
    	
	CONSTRAINT CK_FAIXA_ETARIA_PACOTE_TRIADO
    	CHECK(REGEXP_LIKE(PT_FAIXA_ETARIA,'[0-9]{1,3}-[0-9]{1,3}'))
    	
);


CREATE TABLE ROUPAS_NECESSITADAS(
	RN_CNPJ_INSTITUICAO_BENEFICIADA CHAR(18) NOT NULL,
	RN_GENERO CHAR(1),
	RN_FAIXA_ETARIA VARCHAR2(7),
	RN_TIPO VARCHAR2(30),
	
	CONSTRAINT PK_ROUPAS_NECESSITADAS 
		PRIMARY KEY (RN_CNPJ_INSTITUICAO_BENEFICIADA, RN_GENERO, RN_FAIXA_ETARIA, RN_TIPO),
	
	CONSTRAINT FK_INSTITUICAO_BENEFICIADA_ROUPAS_NECESSITADAS
    	FOREIGN KEY(RN_CNPJ_INSTITUICAO_BENEFICIADA)
    	REFERENCES INSTITUICAO_BENEFICIADA(IB_CNPJ)
    	ON DELETE CASCADE,
    	
    CONSTRAINT CK_GENERO 
    	CHECK(RN_GENERO IN ('M','F','U')),

	CONSTRAINT CK_FAIXA_ETARIA_ROUPAS_NECESSITADAS
	    	CHECK(REGEXP_LIKE(RN_FAIXA_ETARIA,'[0-9]{1,3}-[0-9]{1,3}')),
	
     CONSTRAINT CK_RN_CNPJ
    	CHECK (REGEXP_LIKE(UPPER(RN_CNPJ_INSTITUICAO_BENEFICIADA), '^(\d{2}.\d{3}.\d{3}\/\d{4}\-\d{2})$'))

	    	
);

-- Inserção de voluntários motoristas
INSERT INTO VOLUNTARIO (V_CPF,V_NOME,V_EMAIL,V_TIPO_VOLUNTARIO,V_CIDADE_ENDERECO,V_RUA_ENDERECO,V_BAIRRO_ENDERECO,V_NUMERO_ENDERECO,V_CEP_ENDERECO)
	VALUES ('921.584.148-20','Antonio Vinicius Ferreira','antonio_vinicius_ferreira@fclcapital.com','MOT','SAO CARLOS','Rua Júlio Constantino','Chácara Parque Club','219','13569-160');
INSERT INTO VOLUNTARIO (V_CPF,V_NOME,V_EMAIL,V_TIPO_VOLUNTARIO,V_CIDADE_ENDERECO,V_RUA_ENDERECO,V_BAIRRO_ENDERECO,V_NUMERO_ENDERECO,V_CEP_ENDERECO)
	VALUES ('181.398.058-66','Nelson Pedro Melo','nelson.pedro.melo@lta-am.com.br','MOT','SAO CARLOS','Rua da Maçonaria','Vila Max','875','13567-191');
INSERT INTO VOLUNTARIO (V_CPF,V_NOME,V_EMAIL,V_TIPO_VOLUNTARIO,V_CIDADE_ENDERECO,V_RUA_ENDERECO,V_BAIRRO_ENDERECO,V_NUMERO_ENDERECO,V_CEP_ENDERECO)
	VALUES ('990.230.178-97','Alícia Luzia Baptista','alicia-baptista@leiloesjudiciais.com.br','MOT','SAO CARLOS','Rua do Biocombustível','Parque Espraiado','499','13566-417');
INSERT INTO VOLUNTARIO (V_CPF,V_NOME,V_EMAIL,V_TIPO_VOLUNTARIO,V_CIDADE_ENDERECO,V_RUA_ENDERECO,V_BAIRRO_ENDERECO,V_NUMERO_ENDERECO,V_CEP_ENDERECO)
	VALUES ('465.138.948-16','Sabrina Isabelly Tatiane Drumond','sabrina-drumond86@machiv.com.br','MOT','SAO CARLOS','Rua Nove de Julho','Jardim Lutfalla','539','13560-560');
INSERT INTO VOLUNTARIO (V_CPF,V_NOME,V_EMAIL,V_TIPO_VOLUNTARIO,V_CIDADE_ENDERECO,V_RUA_ENDERECO,V_BAIRRO_ENDERECO,V_NUMERO_ENDERECO,V_CEP_ENDERECO)
	VALUES ('217.831.098-23','Sophia Silvana Heloisa Araújo','sophia.silvana.araujo@coninternet.com.br','MOT','SAO CARLOS','Avenida Otto Werner Rosel','Jardim Ipanema','957','13563-673');

-- Inserção de voluntários divulgadores
INSERT INTO VOLUNTARIO (V_CPF,V_NOME,V_EMAIL,V_TIPO_VOLUNTARIO,V_CIDADE_ENDERECO,V_RUA_ENDERECO,V_BAIRRO_ENDERECO,V_NUMERO_ENDERECO,V_CEP_ENDERECO)
	VALUES ('479.539.088-67','Heloisa Daniela Rocha','heloisa-rocha97@eximiart.com.br','DIV','SAO CARLOS','Rua 16','Conjunto Habitacional Planalto Verde','791','13573-330');
INSERT INTO VOLUNTARIO (V_CPF,V_NOME,V_EMAIL,V_TIPO_VOLUNTARIO,V_CIDADE_ENDERECO,V_RUA_ENDERECO,V_BAIRRO_ENDERECO,V_NUMERO_ENDERECO,V_CEP_ENDERECO)
	VALUES ('002.228.928-38','Fernanda Vera Josefa Sales','fernanda_sales@boll.com.br','DIV','SAO CARLOS','Rua Colômbia','Vila Brasília','603','13566-630');
INSERT INTO VOLUNTARIO (V_CPF,V_NOME,V_EMAIL,V_TIPO_VOLUNTARIO,V_CIDADE_ENDERECO,V_RUA_ENDERECO,V_BAIRRO_ENDERECO,V_NUMERO_ENDERECO,V_CEP_ENDERECO)
	VALUES ('807.688.878-60','César Erick Cauã Alves','cesar_erick_alves@delboux.com.br','DIV','SAO CARLOS','Rua Belina Bizarro Wanderley','Residencial Américo Alves Margarido','366','13567-867');
INSERT INTO VOLUNTARIO (V_CPF,V_NOME,V_EMAIL,V_TIPO_VOLUNTARIO,V_CIDADE_ENDERECO,V_RUA_ENDERECO,V_BAIRRO_ENDERECO,V_NUMERO_ENDERECO,V_CEP_ENDERECO)
	VALUES ('100.588.078-61','Sandra Renata Maria Lopes','sandra_lopes@diebold.com','DIV','SAO CARLOS','Via Locarno','Swiss Park Residencial','423','13561-421');
INSERT INTO VOLUNTARIO (V_CPF,V_NOME,V_EMAIL,V_TIPO_VOLUNTARIO,V_CIDADE_ENDERECO,V_RUA_ENDERECO,V_BAIRRO_ENDERECO,V_NUMERO_ENDERECO,V_CEP_ENDERECO)
	VALUES ('725.853.498-96','Anthony Francisco Miguel Peixoto','anthony_peixoto@kuehne-nagel.com','DIV','SAO CARLOS','Rua Carlos Mariguela','Jardim Guanabara','686','13565-810');

-- Inserção de voluntários da infraestrutura
INSERT INTO VOLUNTARIO (V_CPF,V_NOME,V_EMAIL,V_TIPO_VOLUNTARIO,V_CIDADE_ENDERECO,V_RUA_ENDERECO,V_BAIRRO_ENDERECO,V_NUMERO_ENDERECO,V_CEP_ENDERECO)
	VALUES ('898.890.158-46','Sarah Emanuelly Santos','sarah.emanuelly.santos@gmx.de','INF','SAO CARLOS','Via de Acesso 14','Condomínio Residencial Quebec','263','13563-637');
INSERT INTO VOLUNTARIO (V_CPF,V_NOME,V_EMAIL,V_TIPO_VOLUNTARIO,V_CIDADE_ENDERECO,V_RUA_ENDERECO,V_BAIRRO_ENDERECO,V_NUMERO_ENDERECO,V_CEP_ENDERECO)
	VALUES ('369.135.628-10','Carla Elza Jennifer Moreira','carlaelzamoreira@abrangenciacorretora.com.br','INF','SAO CARLOS','Via de Acesso 11','Condomínio Residencial Quebec','604','13563-628');
INSERT INTO VOLUNTARIO (V_CPF,V_NOME,V_EMAIL,V_TIPO_VOLUNTARIO,V_CIDADE_ENDERECO,V_RUA_ENDERECO,V_BAIRRO_ENDERECO,V_NUMERO_ENDERECO,V_CEP_ENDERECO)
	VALUES ('994.483.298-73','Eduarda Lívia Pinto','eduarda-pinto72@cancaonova.com','INF','SAO CARLOS','Rua Enéas Camargo','Vila Monteiro (Gleba I)','970','13560-301');
INSERT INTO VOLUNTARIO (V_CPF,V_NOME,V_EMAIL,V_TIPO_VOLUNTARIO,V_CIDADE_ENDERECO,V_RUA_ENDERECO,V_BAIRRO_ENDERECO,V_NUMERO_ENDERECO,V_CEP_ENDERECO)
	VALUES ('654.498.048-06','Paulo Nicolas Benício Mendes','paulo_mendes@gringa360.com.br','INF','SAO CARLOS','Rua Tertulina Maria dos Santos','Cidade Aracy','881','13573-205');
INSERT INTO VOLUNTARIO (V_CPF,V_NOME,V_EMAIL,V_TIPO_VOLUNTARIO,V_CIDADE_ENDERECO,V_RUA_ENDERECO,V_BAIRRO_ENDERECO,V_NUMERO_ENDERECO,V_CEP_ENDERECO)
	VALUES ('401.443.948-80','Emilly Raimunda Teixeira','emillyRT@com.br','INF','SAO CARLOS','Rua Doutor José Elizio de Oliveira Leit','Residencial Samambaia','717','13565-515');

-- Inserção de voluntários da organização
INSERT INTO VOLUNTARIO (V_CPF,V_NOME,V_EMAIL,V_TIPO_VOLUNTARIO,V_CIDADE_ENDERECO,V_RUA_ENDERECO,V_BAIRRO_ENDERECO,V_NUMERO_ENDERECO,V_CEP_ENDERECO)
	VALUES ('899.730.438-04','Simone Maria Amanda Novaes','simone_maria_novaes@br.live.com','ORG','SAO CARLOS','Rua João Alberto Caruso','Cidade Aracy','950','13573-286');
INSERT INTO VOLUNTARIO (V_CPF,V_NOME,V_EMAIL,V_TIPO_VOLUNTARIO,V_CIDADE_ENDERECO,V_RUA_ENDERECO,V_BAIRRO_ENDERECO,V_NUMERO_ENDERECO,V_CEP_ENDERECO)
	VALUES ('070.629.918-30','Juliana Rosa Silveira','julianarosasilveira@sp.senac.com.br','ORG','SAO CARLOS','Rua Alvarenga Peixoto','Parque Arnold Schimidt','932','13566-582');
INSERT INTO VOLUNTARIO (V_CPF,V_NOME,V_EMAIL,V_TIPO_VOLUNTARIO,V_CIDADE_ENDERECO,V_RUA_ENDERECO,V_BAIRRO_ENDERECO,V_NUMERO_ENDERECO,V_CEP_ENDERECO)
	VALUES ('649.423.718-56','Hugo César Isaac Ramos','hugotrade@co.br','ORG','SAO CARLOS','Rua Quatro','Jardim Nova São Carlos','439','13570-208');
INSERT INTO VOLUNTARIO (V_CPF,V_NOME,V_EMAIL,V_TIPO_VOLUNTARIO,V_CIDADE_ENDERECO,V_RUA_ENDERECO,V_BAIRRO_ENDERECO,V_NUMERO_ENDERECO,V_CEP_ENDERECO)
	VALUES ('041.683.208-39','Hugo Mateus Filipe Gonçalves','hugo-goncalves70@ocaconsultoria.com','ORG','SAO CARLOS','Rua Vereador Antonio Silva','Residencial Deputado José Zavaglia','962','13573-558');
INSERT INTO VOLUNTARIO (V_CPF,V_NOME,V_EMAIL,V_TIPO_VOLUNTARIO,V_CIDADE_ENDERECO,V_RUA_ENDERECO,V_BAIRRO_ENDERECO,V_NUMERO_ENDERECO,V_CEP_ENDERECO)
	VALUES ('093.043.418-84','Emanuelly Clarice Esther Lima','emanuelly.clarice.lima@premierpet.com.br','ORG','SAO CARLOS','Travessa Dois','Tibaia de São Fernando','289','13566-873');

-- Inserção de voluntários da coordenação
INSERT INTO VOLUNTARIO (V_CPF,V_NOME,V_EMAIL,V_TIPO_VOLUNTARIO,V_CIDADE_ENDERECO,V_RUA_ENDERECO,V_BAIRRO_ENDERECO,V_NUMERO_ENDERECO,V_CEP_ENDERECO)
	VALUES ('642.133.988-38','Allana Alícia Porto','allana_alicia_porto@vivax.com','COO','SAO CARLOS','Rua Luis Issa Jorge','Jardim de Cresci','917','13571-612');
INSERT INTO VOLUNTARIO (V_CPF,V_NOME,V_EMAIL,V_TIPO_VOLUNTARIO,V_CIDADE_ENDERECO,V_RUA_ENDERECO,V_BAIRRO_ENDERECO,V_NUMERO_ENDERECO,V_CEP_ENDERECO)
	VALUES ('519.454.218-60','Ester Antônia Martins','ester.antonia.martins@delfrateinfo.com.br','COO','SAO CARLOS','Rua Professor Vicente Keppe','Conjunto Habitacional Dom Constantino Amstalden','917','13568-833');
INSERT INTO VOLUNTARIO (V_CPF,V_NOME,V_EMAIL,V_TIPO_VOLUNTARIO,V_CIDADE_ENDERECO,V_RUA_ENDERECO,V_BAIRRO_ENDERECO,V_NUMERO_ENDERECO,V_CEP_ENDERECO)
	VALUES ('130.932.338-01','Fernanda Hadassa Débora Cavalcanti','fernandahadassacavalcanti@cfaraujo.eng.br','COO','SAO CARLOS','Rua Gildo Nonato','Jardim Embaré','486','13563-878');
INSERT INTO VOLUNTARIO (V_CPF,V_NOME,V_EMAIL,V_TIPO_VOLUNTARIO,V_CIDADE_ENDERECO,V_RUA_ENDERECO,V_BAIRRO_ENDERECO,V_NUMERO_ENDERECO,V_CEP_ENDERECO)
	VALUES ('929.645.198-11','Fábio Pedro Monteiro','fabio-monteiro81@greenschool.com.br','COO','SAO CARLOS','Rua João Mascarini','Jardim das Torres Prolongamento','663','13575-670');
INSERT INTO VOLUNTARIO (V_CPF,V_NOME,V_EMAIL,V_TIPO_VOLUNTARIO,V_CIDADE_ENDERECO,V_RUA_ENDERECO,V_BAIRRO_ENDERECO,V_NUMERO_ENDERECO,V_CEP_ENDERECO)
	VALUES ('058.644.458-00','Stefany Priscila Rita da Costa','stefany.priscila.dacosta@granvale.com.br','COO','SAO CARLOS','Rua Júlio Cassin Filho','Parque Santa Felícia Jardim','991','13563-350');
INSERT INTO VOLUNTARIO (V_CPF,V_NOME,V_EMAIL,V_TIPO_VOLUNTARIO,V_CIDADE_ENDERECO,V_RUA_ENDERECO,V_BAIRRO_ENDERECO,V_NUMERO_ENDERECO,V_CEP_ENDERECO)
	VALUES ('691.397.168-05','Simone Alana Teresinha Fogaça','simone.alana.fogaca@etipel.com.br','COO','SAO CARLOS','Travessa Dez','Encontro Valparaíso I','568','13564-857');
INSERT INTO VOLUNTARIO (V_CPF,V_NOME,V_EMAIL,V_TIPO_VOLUNTARIO,V_CIDADE_ENDERECO,V_RUA_ENDERECO,V_BAIRRO_ENDERECO,V_NUMERO_ENDERECO,V_CEP_ENDERECO)
	VALUES ('179.486.098-30','Sérgio Theo Márcio Freitas','sergiotheofreitas@ahlstrom.com','COO','SAO CARLOS','Via de Acesso 10','Condomínio Terra Nova Rodobens São Carlos I','271','13562-711');
INSERT INTO VOLUNTARIO (V_CPF,V_NOME,V_EMAIL,V_TIPO_VOLUNTARIO,V_CIDADE_ENDERECO,V_RUA_ENDERECO,V_BAIRRO_ENDERECO,V_NUMERO_ENDERECO,V_CEP_ENDERECO)
	VALUES ('694.624.398-69','Agatha Alice da Mota','agatha-damota97@solarisbrasil.com.br','COO','SAO CARLOS','Via de Acesso 8','Condomínio Residencial Village São Carlos l','848','13565-388');
INSERT INTO VOLUNTARIO (V_CPF,V_NOME,V_EMAIL,V_TIPO_VOLUNTARIO,V_CIDADE_ENDERECO,V_RUA_ENDERECO,V_BAIRRO_ENDERECO,V_NUMERO_ENDERECO,V_CEP_ENDERECO)
	VALUES ('895.557.888-12','Kamilly Elza Moura','kamillymoura@adv.br','COO','SAO CARLOS','Rua Rachid Kabalan Fakhouri','Loteamento Municipal São Carlos 3','848','13563-295');
INSERT INTO VOLUNTARIO (V_CPF,V_NOME,V_EMAIL,V_TIPO_VOLUNTARIO,V_CIDADE_ENDERECO,V_RUA_ENDERECO,V_BAIRRO_ENDERECO,V_NUMERO_ENDERECO,V_CEP_ENDERECO)
	VALUES ('992.925.738-10','Anderson Ryan da Paz','andersonryandapaz@jammer.com.br','COO','SAO CARLOS','Rua Três','Parque Novo Mundo','211','13573-506');

-- Inserção de Veiculos
INSERT INTO VEICULO (V_PLACA, V_CPF_MOTORISTA, V_QTDE_MAX_CAIXAS)
	VALUES ('IDX-5143','921.584.148-20',6);
INSERT INTO VEICULO (V_PLACA, V_CPF_MOTORISTA, V_QTDE_MAX_CAIXAS)
	VALUES ('MZU-7488','181.398.058-66',5);
INSERT INTO VEICULO (V_PLACA, V_CPF_MOTORISTA, V_QTDE_MAX_CAIXAS)
	VALUES ('JNU-1217','990.230.178-97',3);
INSERT INTO VEICULO (V_PLACA, V_CPF_MOTORISTA, V_QTDE_MAX_CAIXAS)
	VALUES ('MNG-7231','990.230.178-97',5);
INSERT INTO VEICULO (V_PLACA, V_CPF_MOTORISTA, V_QTDE_MAX_CAIXAS)
	VALUES ('MUV-1022','465.138.948-16',10);
INSERT INTO VEICULO (V_PLACA, V_CPF_MOTORISTA, V_QTDE_MAX_CAIXAS)
	VALUES ('HSP-8581','217.831.098-23',6);

--Inserção de perfis de rede social
INSERT INTO PERFIL_REDE_SOCIAL (PRS_NOME_USUARIO, PRS_REDE_SOCIAL)
	VALUES ('@instagasalho','INSTAGRAM');
INSERT INTO PERFIL_REDE_SOCIAL (PRS_NOME_USUARIO, PRS_REDE_SOCIAL)
	VALUES ('@saidaasruas','INSTAGRAM');
INSERT INTO PERFIL_REDE_SOCIAL (PRS_NOME_USUARIO, PRS_REDE_SOCIAL)
	VALUES ('@campanhagasalho','TWITTER');
INSERT INTO PERFIL_REDE_SOCIAL (PRS_NOME_USUARIO, PRS_REDE_SOCIAL)
	VALUES ('Campanha do Agasalho Oficial','FACEBOOK');
INSERT INTO PERFIL_REDE_SOCIAL (PRS_NOME_USUARIO, PRS_REDE_SOCIAL)
	VALUES ('@tiktok_campanha','TIKTOK');

--Inserção de administradore de perfis de rede social
INSERT INTO REDE_SOCIAL_DIVULGADOR (RSD_CPF_DIVULGADOR, RSD_NOME_USUARIO_REDE_SOCIAL, RSD_NOME_REDE_SOCIAL_REDE_SOCIAL,RSD_HORAS_VOLUNTARIADO)
	VALUES ('479.539.088-67','@instagasalho', 'INSTAGRAM', 8);
INSERT INTO REDE_SOCIAL_DIVULGADOR (RSD_CPF_DIVULGADOR, RSD_NOME_USUARIO_REDE_SOCIAL, RSD_NOME_REDE_SOCIAL_REDE_SOCIAL,RSD_HORAS_VOLUNTARIADO)
	VALUES ('479.539.088-67','@saidaasruas', 'INSTAGRAM', 15);
INSERT INTO REDE_SOCIAL_DIVULGADOR (RSD_CPF_DIVULGADOR, RSD_NOME_USUARIO_REDE_SOCIAL, RSD_NOME_REDE_SOCIAL_REDE_SOCIAL,RSD_HORAS_VOLUNTARIADO)
	VALUES ('002.228.928-38','@campanhagasalho', 'TWITTER', 25);
INSERT INTO REDE_SOCIAL_DIVULGADOR (RSD_CPF_DIVULGADOR, RSD_NOME_USUARIO_REDE_SOCIAL, RSD_NOME_REDE_SOCIAL_REDE_SOCIAL,RSD_HORAS_VOLUNTARIADO)
	VALUES ('807.688.878-60','Campanha do Agasalho Oficial', 'FACEBOOK', 2);
INSERT INTO REDE_SOCIAL_DIVULGADOR (RSD_CPF_DIVULGADOR, RSD_NOME_USUARIO_REDE_SOCIAL, RSD_NOME_REDE_SOCIAL_REDE_SOCIAL,RSD_HORAS_VOLUNTARIADO)
	VALUES ('100.588.078-61','@tiktok_campanha', 'TIKTOK', 33);
INSERT INTO REDE_SOCIAL_DIVULGADOR (RSD_CPF_DIVULGADOR, RSD_NOME_USUARIO_REDE_SOCIAL, RSD_NOME_REDE_SOCIAL_REDE_SOCIAL,RSD_HORAS_VOLUNTARIADO)
	VALUES ('725.853.498-96','@instagasalho', 'INSTAGRAM', 1);
INSERT INTO REDE_SOCIAL_DIVULGADOR (RSD_CPF_DIVULGADOR, RSD_NOME_USUARIO_REDE_SOCIAL, RSD_NOME_REDE_SOCIAL_REDE_SOCIAL,RSD_HORAS_VOLUNTARIADO)
	VALUES ('725.853.498-96','@saidaasruas', 'INSTAGRAM', 0);
INSERT INTO REDE_SOCIAL_DIVULGADOR (RSD_CPF_DIVULGADOR, RSD_NOME_USUARIO_REDE_SOCIAL, RSD_NOME_REDE_SOCIAL_REDE_SOCIAL,RSD_HORAS_VOLUNTARIADO)
	VALUES ('725.853.498-96','@campanhagasalho', 'TWITTER', 0);
INSERT INTO REDE_SOCIAL_DIVULGADOR (RSD_CPF_DIVULGADOR, RSD_NOME_USUARIO_REDE_SOCIAL, RSD_NOME_REDE_SOCIAL_REDE_SOCIAL,RSD_HORAS_VOLUNTARIADO)
	VALUES ('725.853.498-96','Campanha do Agasalho Oficial', 'FACEBOOK', 0);
INSERT INTO REDE_SOCIAL_DIVULGADOR (RSD_CPF_DIVULGADOR, RSD_NOME_USUARIO_REDE_SOCIAL, RSD_NOME_REDE_SOCIAL_REDE_SOCIAL,RSD_HORAS_VOLUNTARIADO)
	VALUES ('725.853.498-96','@tiktok_campanha', 'TIKTOK', 3);

-- Inserção de conteúdo a ser divulgado
INSERT INTO CONTEUDO_DIVULGADO (CD_TITULO,CD_ANO_CRIACAO,CD_TEXTO_DIVULGACAO,CD_PUBLICO_ALVO)
	VALUES ('Palestra de apresentação', 2021, 'A Campanha USP do Agasalho🐧 convida você, que quer ajudar a aquecer o frio de São Carlos, para conhecer esse projeto lindo🧡!!\n\nNos dias 29/08, 31/08 e 01/09 teremos palestras de apresentação para você entender o que acontece dentro da campanha e como você pode participar. (Sem compromisso, viu? Não é obrigatória a participação na Campanha).\n\n💙Quanto mais gente, mais quente!!💙\nInclusive você aluno da UFSCAR também pode se inscrever para a palestra.\n\nEntão, espalha que vai ter palestra de apresentação pros amigos e se inscreve no link na bio.','GERAL');
INSERT INTO CONTEUDO_DIVULGADO (CD_TITULO,CD_ANO_CRIACAO,CD_TEXTO_DIVULGACAO,CD_PUBLICO_ALVO)
	VALUES ('Conheça os núcleos da Campanha', 2021, '🐧Perdeu nossas palestras de apresentação e quer conhecer nossos núcleos antes de se inscrever? 👉🏼 Arrasta pro lado e vem conhecer um pouco da Infraestrutura, da Entidades e da Divulga.\n\nNão se esqueça que o forms para se inscrever na Campanha está na nossa bio. 💙🧡','GERAL');
INSERT INTO CONTEUDO_DIVULGADO (CD_TITULO,CD_ANO_CRIACAO,CD_TEXTO_DIVULGACAO,CD_PUBLICO_ALVO)
	VALUES ('Patrocinadores', 2022, 'Agradecemos encarecidamente aos patrocinadores pelo imenso apoio oferecido durante o primeiro semestre do ano de 2022, que mesmo abalados pelo difícil momento vivido durante a pandemia, não deixaram de ajudar a Campanha nos seus objetivos de aquecer com roupas e carinho a população.','ADULTO');
INSERT INTO CONTEUDO_DIVULGADO (CD_TITULO,CD_ANO_CRIACAO,CD_TEXTO_DIVULGACAO,CD_PUBLICO_ALVO)
	VALUES ('Montagem das Caixas', 2022, 'Vem conferir um pouco de como foi a montagem das caixas da Campanha! 🐧💙📦\n\n#reels #saocarlos #usp #campanhadoagasalho #voluntario #ong #açãosocial #caridade #projetosocial #voluntariado','GERAL');
INSERT INTO CONTEUDO_DIVULGADO (CD_TITULO,CD_ANO_CRIACAO,CD_TEXTO_DIVULGACAO,CD_PUBLICO_ALVO)
	VALUES ('Divulgação triagem', 2022, 'Fala, pessoal!!\nAs inscrições para a Primeira Triagem estão abertas, e por isso nós da Campanha USP do agasalho convidamos vocês a participarem desse dia tão importante para nós.\nNo dia 22/10, nos reuniremos para fazer a separação e classificação das roupas arrecadadas antes de elas serem doadas às entidades.\nLembrando que qualquer um pode participar, então você não vai perder essa oportunidade de fazer novos amigos e ajudar o próximo, né!?🧡💙🐧\n\nPara se inscrever, é só preencher o forms que está na bio!','GERAL');
INSERT INTO CONTEUDO_DIVULGADO (CD_TITULO,CD_ANO_CRIACAO,CD_TEXTO_DIVULGACAO,CD_PUBLICO_ALVO)
	VALUES ('Novo Floquinho', 2022, 'O Floquinho que a gente tanto ama está de cara nova! 🧡💙🐧\n\nA campanha do agasalho vem evoluindo a cada dia e o Floquinho também evoluiu para nos acompanhar: ele veio para representar uma nova época de mais doações 🧣🧤🧥\n\nEle foi criado pelo incrível artista @henriquebrunic que fez o nosso amado floquinho em várias poses, uma mais fofa que a outra 💙\n\nVem com a gente conhecer um pouco mais dos antigos floquinhos!','GERAL');
INSERT INTO CONTEUDO_DIVULGADO (CD_TITULO,CD_ANO_CRIACAO,CD_TEXTO_DIVULGACAO,CD_PUBLICO_ALVO)
	VALUES ('Vaquinha da Pastoral', 2022, 'Ajude a Campanha USP do Agasalho com nossa vaquinha!🐮\n\nA arrecadação tem o objetivo de comprar alimentos e produtos de higiene para a Pastoral do Povo de Rua, e vai até o dia 03/12.\n\nVocê pode nos ajudar enviando um pix para Camila Sayaka pela chave aleatória d5bdff63-2998-4552-9b23-d2ed6b3ed4d9\n\nOu, caso o seu banco tenha essa função:\n\n- Tire um print da arte acima\n- Selecione a opção pagar com QR Code\n- Selecione o print na sua galeria\n\nA Campanha USP do Agasalho agradece!🐧🧡💙','ADULTO');
INSERT INTO CONTEUDO_DIVULGADO (CD_TITULO,CD_ANO_CRIACAO,CD_TEXTO_DIVULGACAO,CD_PUBLICO_ALVO)
	VALUES ('Aniversário Campanha', 2022, 'A Campanha USP do Agasalho está completando 15 anos!!🥳\n\nVenha conhecer um pouco da nossa história 👉. A campanha se iniciou em 2007 pelos alunos da USP, e tem evoluído cada vez mais ao ponto de que em 2019 conseguimos arrecadar mais que a prefeitura de São Carlos, sendo um total de 59202 peças!!\n\nAgradecemos a todos que fizeram parte dessa história.🐧🧡💙','GERAL');
INSERT INTO CONTEUDO_DIVULGADO (CD_TITULO,CD_ANO_CRIACAO,CD_TEXTO_DIVULGACAO,CD_PUBLICO_ALVO)
	VALUES ('Convite Bazar', 2022, 'Fala, pessoal!!!🐧\nDaqui algumas semanas teremos o nosso Bazar Cultural🥳🥳\n\nO objetivo do Bazar Cultural é ajudar moradores de outros bairros e para isso esse mês, dia 27, vamos levar doações e muitas atividades culturais para o Cidade Aracy em São Carlos🍿📚🎭\n\nComo são muitas atividades a serem feitas e o Bazar irá ocorrer em um bairro longe da USP, precisamos de ajuda para divulgar esse evento diretamente no Aracy para que os moradores da região fiquem sabendo tudo que vai acontecer e tenhamos um grande público🤩\n\nEntão, convidamos vocês para nos ajudar a panfletar no Cidade Aracy entre os dias 21 a 26 de novembro. Quem quiser ajudar basta apenas se inscrever no forms que está na nossa bio🖱️\n\nE não se preocupe porque a gente se responsabiliza pelo transporte de todos os voluntários.\n🧡💙 Venha ajudar a Campanha a promover um dos seus maiores eventos!!!💙🧡','GERAL');
INSERT INTO CONTEUDO_DIVULGADO (CD_TITULO,CD_ANO_CRIACAO,CD_TEXTO_DIVULGACAO,CD_PUBLICO_ALVO)
	VALUES ('Membros antigos parabenizando a campanha', 2022, 'Em comemoração aos 15 anos da Campanha USP do Agasalho, coordenadores e ex-coordenadores do projeto gravaram um recado super especial. Agradecemos a todos que ajudaram a construir a linda história da Campanha!!🧡💙🐧','GERAL');


-- Inserções de Publicações
INSERT INTO PUBLICACAO (P_NOME_USUARIO_REDE_SOCIAL,P_NOME_REDE_SOCIAL_REDE_SOCIAL,P_TITULO_CONTEUDO_DIVULGADO,P_ANO_CONTEUDO_DIVULGADO)
	VALUES ('@instagasalho','INSTAGRAM','Palestra de apresentação', 2021);
INSERT INTO PUBLICACAO (P_NOME_USUARIO_REDE_SOCIAL,P_NOME_REDE_SOCIAL_REDE_SOCIAL,P_TITULO_CONTEUDO_DIVULGADO,P_ANO_CONTEUDO_DIVULGADO)
	VALUES ('@instagasalho','INSTAGRAM','Conheça os núcleos da Campanha', 2021);
INSERT INTO PUBLICACAO (P_NOME_USUARIO_REDE_SOCIAL,P_NOME_REDE_SOCIAL_REDE_SOCIAL,P_TITULO_CONTEUDO_DIVULGADO,P_ANO_CONTEUDO_DIVULGADO)
	VALUES ('@instagasalho','INSTAGRAM','Patrocinadores', 2022);
INSERT INTO PUBLICACAO (P_NOME_USUARIO_REDE_SOCIAL,P_NOME_REDE_SOCIAL_REDE_SOCIAL,P_TITULO_CONTEUDO_DIVULGADO,P_ANO_CONTEUDO_DIVULGADO)
	VALUES ('@instagasalho','INSTAGRAM','Montagem das Caixas', 2022);
INSERT INTO PUBLICACAO (P_NOME_USUARIO_REDE_SOCIAL,P_NOME_REDE_SOCIAL_REDE_SOCIAL,P_TITULO_CONTEUDO_DIVULGADO,P_ANO_CONTEUDO_DIVULGADO)
	VALUES ('@instagasalho','INSTAGRAM','Divulgação triagem', 2022);
INSERT INTO PUBLICACAO (P_NOME_USUARIO_REDE_SOCIAL,P_NOME_REDE_SOCIAL_REDE_SOCIAL,P_TITULO_CONTEUDO_DIVULGADO,P_ANO_CONTEUDO_DIVULGADO)
	VALUES ('@instagasalho','INSTAGRAM','Novo Floquinho', 2022);
INSERT INTO PUBLICACAO (P_NOME_USUARIO_REDE_SOCIAL,P_NOME_REDE_SOCIAL_REDE_SOCIAL,P_TITULO_CONTEUDO_DIVULGADO,P_ANO_CONTEUDO_DIVULGADO)
	VALUES ('@instagasalho','INSTAGRAM','Vaquinha da Pastoral', 2022);
INSERT INTO PUBLICACAO (P_NOME_USUARIO_REDE_SOCIAL,P_NOME_REDE_SOCIAL_REDE_SOCIAL,P_TITULO_CONTEUDO_DIVULGADO,P_ANO_CONTEUDO_DIVULGADO)
	VALUES ('@instagasalho','INSTAGRAM','Aniversário Campanha', 2022);
INSERT INTO PUBLICACAO (P_NOME_USUARIO_REDE_SOCIAL,P_NOME_REDE_SOCIAL_REDE_SOCIAL,P_TITULO_CONTEUDO_DIVULGADO,P_ANO_CONTEUDO_DIVULGADO)
	VALUES ('@instagasalho','INSTAGRAM','Convite Bazar', 2022);
INSERT INTO PUBLICACAO (P_NOME_USUARIO_REDE_SOCIAL,P_NOME_REDE_SOCIAL_REDE_SOCIAL,P_TITULO_CONTEUDO_DIVULGADO,P_ANO_CONTEUDO_DIVULGADO)
	VALUES ('@instagasalho','INSTAGRAM','Membros antigos parabenizando a campanha', 2022);
INSERT INTO PUBLICACAO (P_NOME_USUARIO_REDE_SOCIAL,P_NOME_REDE_SOCIAL_REDE_SOCIAL,P_TITULO_CONTEUDO_DIVULGADO,P_ANO_CONTEUDO_DIVULGADO)
	VALUES ('Campanha do Agasalho Oficial','FACEBOOK','Palestra de apresentação', 2021);
INSERT INTO PUBLICACAO (P_NOME_USUARIO_REDE_SOCIAL,P_NOME_REDE_SOCIAL_REDE_SOCIAL,P_TITULO_CONTEUDO_DIVULGADO,P_ANO_CONTEUDO_DIVULGADO)
	VALUES ('Campanha do Agasalho Oficial','FACEBOOK','Conheça os núcleos da Campanha', 2021);
INSERT INTO PUBLICACAO (P_NOME_USUARIO_REDE_SOCIAL,P_NOME_REDE_SOCIAL_REDE_SOCIAL,P_TITULO_CONTEUDO_DIVULGADO,P_ANO_CONTEUDO_DIVULGADO)
	VALUES ('@tiktok_campanha', 'TIKTOK','Montagem das Caixas', 2022);
INSERT INTO PUBLICACAO (P_NOME_USUARIO_REDE_SOCIAL,P_NOME_REDE_SOCIAL_REDE_SOCIAL,P_TITULO_CONTEUDO_DIVULGADO,P_ANO_CONTEUDO_DIVULGADO)
	VALUES ('@tiktok_campanha', 'TIKTOK','Divulgação triagem', 2022);
INSERT INTO PUBLICACAO (P_NOME_USUARIO_REDE_SOCIAL,P_NOME_REDE_SOCIAL_REDE_SOCIAL,P_TITULO_CONTEUDO_DIVULGADO,P_ANO_CONTEUDO_DIVULGADO)
	VALUES ('@tiktok_campanha', 'TIKTOK','Membros antigos parabenizando a campanha', 2022);

-- Inserção de eventos
INSERT INTO EVENTO_ARRECADACAO (EA_NOME, EA_DATA, EA_CIDADE_ENDERECO, EA_RUA_ENDERECO, EA_NUMERO_ENDERECO, EA_CEP_ENDERECO, EA_BAIRRO_ENDERECO)
	VALUES ('Bazar Cultural', TO_DATE('2022/05/15', 'YYYY/MM/DD'), 'SAO CARLOS', 'Rua José Felonta Sobrinho', '368', '13573-188', 'Cidade Aracy');
INSERT INTO EVENTO_ARRECADACAO (EA_NOME, EA_DATA, EA_CIDADE_ENDERECO, EA_RUA_ENDERECO, EA_NUMERO_ENDERECO, EA_CEP_ENDERECO, EA_BAIRRO_ENDERECO)
	VALUES ('Arrecada Tudo', TO_DATE('2022/06/11', 'YYYY/MM/DD'), 'SAO CARLOS', 'Rua Antônio Micucci', '905', '13568-070', 'Jardim Tangará');
INSERT INTO EVENTO_ARRECADACAO (EA_NOME, EA_DATA, EA_CIDADE_ENDERECO, EA_RUA_ENDERECO, EA_NUMERO_ENDERECO, EA_CEP_ENDERECO, EA_BAIRRO_ENDERECO)
	VALUES ('Saída às Ruas', TO_DATE('2021/07/23', 'YYYY/MM/DD'), 'SAO CARLOS', 'Rua Sebastião Ramos', '508', '13566-841', 'Loteamento Tutoya do Vale');
INSERT INTO EVENTO_ARRECADACAO (EA_NOME, EA_DATA, EA_CIDADE_ENDERECO, EA_RUA_ENDERECO, EA_NUMERO_ENDERECO, EA_CEP_ENDERECO, EA_BAIRRO_ENDERECO)
	VALUES ('Caixa do Bem', TO_DATE('2022/08/11', 'YYYY/MM/DD'), 'SAO CARLOS', 'Via de Acesso 11', '791', '13568-070', 'Condomínio Parque Residencial Damha l');

DROP TABLE CENTRO_OPERACIONAL CASCADE CONSTRAINTS;

DROP TABLE CONTEUDO_DIVULGADO CASCADE CONSTRAINTS;

DROP TABLE COORDENACAO CASCADE CONSTRAINTS;

DROP TABLE DIVULGACAO CASCADE CONSTRAINTS;

DROP TABLE DOACAO CASCADE CONSTRAINTS;

DROP TABLE ENTREGA CASCADE CONSTRAINTS;

DROP TABLE EVENTO_ARRECADACAO CASCADE CONSTRAINTS;

DROP TABLE EVENTO_DIVULGADOR_PUBLICACAO CASCADE CONSTRAINTS;

DROP TABLE EVENTO_INFRA CASCADE CONSTRAINTS;

DROP TABLE EVENTO_ORGANIZADOR CASCADE CONSTRAINTS;

DROP TABLE INFRAESTRUTURA CASCADE CONSTRAINTS;

DROP TABLE INSTITUICAO_BENEFICIADA CASCADE CONSTRAINTS;

DROP TABLE MOTORISTA CASCADE CONSTRAINTS;

DROP TABLE ORGANIZACAO CASCADE CONSTRAINTS;

DROP TABLE PACOTE_TRIADO CASCADE CONSTRAINTS;

DROP TABLE PERFIL_REDE_SOCIAL CASCADE CONSTRAINTS;

DROP TABLE PUBLICACAO CASCADE CONSTRAINTS;

DROP TABLE REDE_SOCIAL_DIVULGADOR CASCADE CONSTRAINTS;

DROP TABLE ROUPAS_NECESSITADAS CASCADE CONSTRAINTS;

DROP TABLE VEICULO CASCADE CONSTRAINTS;

DROP TABLE VOLUNTARIO CASCADE CONSTRAINTS;

